{"stats":{"minecraft:mined":{"minecraft:birch_log":42,"minecraft:lilac":3,"minecraft:birch_leaves":3,"minecraft:pumpkin":2,"minecraft:grass":15,"minecraft:coal_ore":8,"minecraft:grass_block":1,"minecraft:oak_log":17,"minecraft:copper_ore":7,"minecraft:stone":4},"minecraft:used":{"minecraft:wooden_axe":64,"minecraft:stone_pickaxe":16,"minecraft:wooden_pickaxe":3,"minecraft:wooden_sword":49,"minecraft:crafting_table":2},"minecraft:broken":{"minecraft:wooden_axe":1},"minecraft:crafted":{"minecraft:wooden_sword":1,"minecraft:crafting_table":2,"minecraft:stick":4,"minecraft:wooden_pickaxe":1,"minecraft:stone_pickaxe":1,"minecraft:wooden_axe":1,"minecraft:birch_planks":32},"minecraft:picked_up":{"minecraft:birch_log":42,"minecraft:stick":6,"minecraft:lilac":2,"minecraft:pumpkin":2,"minecraft:birch_planks":4,"minecraft:oak_log":17,"minecraft:raw_copper":22,"minecraft:wooden_sword":1,"minecraft:wheat_seeds":2,"minecraft:iron_ingot":1,"minecraft:birch_sapling":8,"minecraft:coal":8,"minecraft:cobblestone":4},"minecraft:killed_by":{"minecraft:zombie":1},"minecraft:killed":{"minecraft:zombie":1},"minecraft:custom":{"minecraft:time_since_rest":12712,"lootr:looted_stat":1,"minecraft:sprint_one_cm":35983,"minecraft:damage_taken":330,"minecraft:walk_one_cm":63441,"minecraft:mob_kills":2,"minecraft:damage_dealt":756,"minecraft:interact_with_crafting_table":4,"minecraft:fly_one_cm":21976,"minecraft:play_time":16630,"minecraft:deaths":1,"minecraft:jump":176,"minecraft:leave_game":1,"minecraft:time_since_death":12688,"minecraft:total_world_time":16630,"minecraft:fall_one_cm":4217}},"DataVersion":3120}