{"stats":{"minecraft:killed_by":{"minecraft:zombie":1},"minecraft:mined":{"biomesoplenty:tall_lavender":7,"biomesoplenty:lavender":239,"minecraft:grass":93,"minecraft:grass_block":3,"minecraft:oak_log":9,"biomesoplenty:redwood_log":18,"biomesoplenty:flowering_oak_leaves":1,"minecraft:tall_grass":10,"minecraft:stone":12,"minecraft:oak_planks":2,"minecraft:oak_leaves":2,"minecraft:fern":1},"minecraft:crafted":{"minecraft:oak_planks":36,"minecraft:charcoal":9,"biomesoplenty:redwood_door":3,"biomesoplenty:redwood_planks":32,"minecraft:wooden_pickaxe":1,"minecraft:wooden_axe":1,"minecraft:chest":1,"minecraft:furnace":1,"minecraft:torch":24,"minecraft:air":0},"minecraft:used":{"minecraft:wooden_axe":16,"biomesoplenty:redwood_door":1,"minecraft:oak_planks":38,"minecraft:chest":1,"minecraft:wooden_pickaxe":12,"minecraft:furnace":1},"minecraft:dropped":{"minecraft:torch":12,"biomesoplenty:lavender":3},"minecraft:custom":{"minecraft:time_since_rest":8311,"minecraft:interact_with_furnace":2,"minecraft:sprint_one_cm":56642,"minecraft:damage_taken":280,"minecraft:walk_one_cm":94313,"minecraft:mob_kills":11,"minecraft:drop":2,"minecraft:damage_dealt":1437,"minecraft:interact_with_crafting_table":8,"minecraft:swim_one_cm":5660,"minecraft:fly_one_cm":41910,"minecraft:open_chest":1,"minecraft:crouch_one_cm":584,"minecraft:play_time":29253,"minecraft:deaths":1,"minecraft:sneak_time":92,"minecraft:walk_under_water_one_cm":393,"minecraft:jump":271,"minecraft:leave_game":1,"minecraft:walk_on_water_one_cm":487,"minecraft:time_since_death":8275,"minecraft:total_world_time":29253,"minecraft:fall_one_cm":5552},"minecraft:killed":{"minecraft:sheep":4,"minecraft:zombie":2,"minecraft:pig":1,"minecraft:zombie_villager":1,"minecraft:spider":1,"minecraft:cow":5},"minecraft:picked_up":{"biomesoplenty:lavender":434,"biomesoplenty:redwood_log":20,"minecraft:stick":40,"minecraft:leather":14,"minecraft:porkchop":2,"biomesoplenty:redwood_door":2,"minecraft:oak_log":9,"minecraft:spider_eye":2,"minecraft:string":6,"minecraft:dirt":12,"minecraft:wooden_sword":1,"biomesoplenty:tall_lavender":18,"minecraft:arrow":2,"minecraft:rotten_flesh":4,"minecraft:wheat_seeds":20,"minecraft:beef":20,"minecraft:gray_wool":2,"minecraft:mutton":14,"minecraft:oak_planks":2,"minecraft:white_wool":6,"minecraft:cobblestone":12}},"DataVersion":3120}