{"stats":{"minecraft:killed_by":{"minecraft:zombie":1},"minecraft:mined":{"minecraft:grass_block":5,"biomesoplenty:flowering_oak_leaves":1,"duneons:coarsedirt_2":1,"minecraft:tall_grass":10,"minecraft:oak_planks":2,"minecraft:moss_block":4,"duneons:latticestonedirt":3,"biomesoplenty:tall_lavender":7,"duneons:dirtystone":1,"biomesoplenty:lavender":239,"duneons:dirtygranite":1,"minecraft:grass":96,"minecraft:oak_log":14,"minecraft:coal_ore":5,"biomesoplenty:redwood_log":18,"duneons:cobwebdig":5,"minecraft:dirt":3,"minecraft:stone":14,"minecraft:oak_leaves":2,"duneons:andesitebreked":2,"minecraft:fern":1,"duneons:tombstone":2},"minecraft:crafted":{"minecraft:oak_planks":36,"biomesoplenty:redwood_door":3,"biomesoplenty:redwood_planks":32,"minecraft:wooden_pickaxe":1,"minecraft:furnace":1,"minecraft:air":0,"minecraft:charcoal":9,"minecraft:wooden_axe":1,"minecraft:chest":1,"minecraft:torch":24},"minecraft:used":{"minecraft:moss_block":2,"biomesoplenty:redwood_door":1,"minecraft:oak_planks":38,"minecraft:chest":1,"minecraft:wooden_pickaxe":43,"biomesoplenty:lavender":1,"duneons:goatgear_chestplate":1,"minecraft:wooden_axe":33,"minecraft:bread":6,"minecraft:wooden_sword":19,"minecraft:fishing_rod":1,"duneons:latticestonedirt":6,"minecraft:furnace":1},"minecraft:custom":{"minecraft:interact_with_furnace":2,"lootr:looted_stat":1,"minecraft:mob_kills":13,"minecraft:interact_with_crafting_table":8,"minecraft:leave_game":3,"minecraft:time_since_death":32978,"minecraft:time_since_rest":33014,"minecraft:sprint_one_cm":69013,"minecraft:damage_taken":590,"minecraft:walk_one_cm":125345,"minecraft:drop":7,"minecraft:damage_dealt":2064,"minecraft:swim_one_cm":38506,"minecraft:fly_one_cm":52953,"minecraft:open_chest":4,"minecraft:play_time":53956,"minecraft:crouch_one_cm":584,"minecraft:deaths":1,"minecraft:sneak_time":405,"minecraft:walk_under_water_one_cm":26453,"minecraft:jump":431,"minecraft:walk_on_water_one_cm":33259,"minecraft:total_world_time":53956,"minecraft:fall_one_cm":8328},"minecraft:dropped":{"minecraft:bread":8,"minecraft:wheat_seeds":11,"biomesoplenty:lavender":27,"biomesoplenty:redwood_planks":8,"minecraft:torch":12},"minecraft:killed":{"minecraft:pig":1,"minecraft:zombie_villager":1,"minecraft:spider":1,"duneons:vindicatorvariant":1,"minecraft:sheep":4,"minecraft:zombie":2,"minecraft:drowned":1,"minecraft:cow":5},"minecraft:picked_up":{"biomesoplenty:lavender":446,"biomesoplenty:redwood_log":20,"duneons:dirtystone":1,"minecraft:leather":14,"biomesoplenty:redwood_door":2,"minecraft:oak_log":14,"minecraft:dirt":17,"minecraft:string":6,"minecraft:wooden_sword":1,"biomesoplenty:tall_lavender":18,"minecraft:wheat_seeds":20,"minecraft:beef":20,"duneons:mountaineeraxeiron":1,"minecraft:moss_block":4,"minecraft:oak_planks":2,"minecraft:stick":40,"minecraft:stone":2,"duneons:coarsedirt_2":1,"duneons:andesitebreked":2,"minecraft:porkchop":2,"duneons:bigwellwater":1,"duneons:latticestonedirt":1,"minecraft:spider_eye":2,"minecraft:rotten_flesh":4,"biomesoplenty:redwood_planks":8,"minecraft:arrow":2,"minecraft:gray_wool":2,"minecraft:bread":1,"minecraft:cobblestone":14,"minecraft:mutton":14,"duneons:cobwebdig":2,"duneons:dirtygranite":1,"minecraft:coal":5,"minecraft:white_wool":6}},"DataVersion":3120}