{"stats":{"minecraft:mined":{"minecraft:grass":91,"minecraft:oak_log":7,"biomesoplenty:tall_lavender":7,"biomesoplenty:flowering_oak_leaves":1,"minecraft:tall_grass":10,"biomesoplenty:lavender":228,"minecraft:oak_leaves":2},"minecraft:crafted":{"minecraft:oak_planks":16},"minecraft:used":{"minecraft:oak_planks":16},"minecraft:custom":{"minecraft:time_since_rest":17253,"minecraft:crouch_one_cm":203,"minecraft:play_time":17253,"minecraft:sprint_one_cm":23199,"minecraft:walk_one_cm":59137,"minecraft:sneak_time":31,"minecraft:walk_under_water_one_cm":393,"minecraft:mob_kills":9,"minecraft:jump":182,"minecraft:damage_dealt":952,"minecraft:leave_game":1,"minecraft:time_since_death":17253,"minecraft:walk_on_water_one_cm":487,"minecraft:total_world_time":17253,"minecraft:swim_one_cm":5660,"minecraft:fall_one_cm":4449,"minecraft:fly_one_cm":25045},"minecraft:killed":{"minecraft:sheep":4,"minecraft:zombie":1,"minecraft:cow":5},"minecraft:picked_up":{"biomesoplenty:lavender":190,"biomesoplenty:tall_lavender":6,"minecraft:leather":7,"minecraft:wheat_seeds":8,"minecraft:beef":10,"minecraft:oak_log":7,"minecraft:gray_wool":1,"minecraft:mutton":7,"minecraft:white_wool":3}},"DataVersion":3120}