{"stats":{"minecraft:mined":{"biomesoplenty:lavender":1,"minecraft:oak_log":4,"biomesoplenty:flowering_oak_leaves":1,"minecraft:oak_leaves":2},"minecraft:crafted":{"minecraft:oak_planks":16},"minecraft:custom":{"minecraft:jump":37,"minecraft:time_since_rest":5906,"minecraft:crouch_one_cm":203,"minecraft:sprint_one_cm":7090,"minecraft:play_time":5906,"minecraft:walk_on_water_one_cm":487,"minecraft:time_since_death":5906,"minecraft:walk_one_cm":10614,"minecraft:sneak_time":31,"minecraft:total_world_time":5906,"minecraft:walk_under_water_one_cm":393,"minecraft:swim_one_cm":5660,"minecraft:fall_one_cm":627,"minecraft:fly_one_cm":6943},"minecraft:picked_up":{"biomesoplenty:lavender":1,"minecraft:oak_log":4}},"DataVersion":3120}