{"stats":{"minecraft:killed_by":{"minecraft:zombie":1},"minecraft:mined":{"minecraft:grass_block":5,"biomesoplenty:flowering_oak_leaves":1,"duneons:coarsedirt_2":1,"minecraft:tall_grass":10,"minecraft:oak_planks":2,"minecraft:moss_block":4,"duneons:latticestonedirt":3,"biomesoplenty:tall_lavender":7,"duneons:dirtystone":1,"biomesoplenty:lavender":239,"duneons:dirtygranite":1,"minecraft:grass":96,"minecraft:oak_log":14,"minecraft:coal_ore":5,"biomesoplenty:redwood_log":18,"duneons:cobwebdig":5,"minecraft:dirt":3,"minecraft:stone":14,"minecraft:oak_leaves":2,"duneons:andesitebreked":2,"minecraft:fern":1,"duneons:tombstone":1},"minecraft:crafted":{"minecraft:oak_planks":36,"biomesoplenty:redwood_door":3,"biomesoplenty:redwood_planks":32,"minecraft:wooden_pickaxe":1,"minecraft:furnace":1,"minecraft:air":0,"minecraft:charcoal":9,"minecraft:wooden_axe":1,"minecraft:chest":1,"minecraft:torch":24},"minecraft:used":{"minecraft:moss_block":2,"biomesoplenty:redwood_door":1,"minecraft:oak_planks":38,"minecraft:chest":1,"minecraft:wooden_pickaxe":40,"biomesoplenty:lavender":1,"duneons:goatgear_chestplate":1,"minecraft:wooden_axe":30,"minecraft:bread":1,"minecraft:wooden_sword":17,"duneons:latticestonedirt":6,"minecraft:furnace":1},"minecraft:custom":{"minecraft:interact_with_furnace":2,"minecraft:mob_kills":12,"minecraft:interact_with_crafting_table":8,"minecraft:leave_game":1,"minecraft:time_since_death":20275,"minecraft:time_since_rest":20311,"minecraft:sprint_one_cm":63107,"minecraft:damage_taken":346,"minecraft:walk_one_cm":119548,"minecraft:drop":3,"minecraft:damage_dealt":1843,"minecraft:swim_one_cm":12884,"minecraft:fly_one_cm":48417,"minecraft:open_chest":4,"minecraft:crouch_one_cm":584,"minecraft:play_time":41253,"minecraft:deaths":1,"minecraft:sneak_time":362,"minecraft:walk_under_water_one_cm":15328,"minecraft:jump":378,"minecraft:walk_on_water_one_cm":19876,"minecraft:total_world_time":41253,"minecraft:fall_one_cm":7910},"minecraft:dropped":{"minecraft:bread":8,"biomesoplenty:lavender":3,"minecraft:torch":12},"minecraft:killed":{"minecraft:pig":1,"minecraft:zombie_villager":1,"minecraft:spider":1,"duneons:vindicatorvariant":1,"minecraft:sheep":4,"minecraft:zombie":2,"minecraft:cow":5},"minecraft:picked_up":{"biomesoplenty:lavender":434,"biomesoplenty:redwood_log":20,"duneons:dirtystone":1,"minecraft:leather":14,"biomesoplenty:redwood_door":2,"minecraft:oak_log":14,"minecraft:dirt":17,"minecraft:string":6,"minecraft:wooden_sword":1,"biomesoplenty:tall_lavender":18,"minecraft:wheat_seeds":20,"minecraft:beef":20,"duneons:mountaineeraxeiron":1,"minecraft:moss_block":4,"minecraft:oak_planks":2,"minecraft:stick":40,"minecraft:stone":1,"duneons:coarsedirt_2":1,"duneons:andesitebreked":2,"duneons:bigwellwater":1,"minecraft:porkchop":2,"duneons:latticestonedirt":1,"minecraft:spider_eye":2,"minecraft:rotten_flesh":4,"minecraft:arrow":2,"minecraft:gray_wool":2,"minecraft:bread":1,"duneons:dirtygranite":1,"minecraft:cobblestone":14,"duneons:cobwebdig":2,"minecraft:mutton":14,"minecraft:coal":5,"minecraft:white_wool":6}},"DataVersion":3120}