{"stats":{"minecraft:mined":{"minecraft:birch_log":9,"minecraft:grass":1,"biomesoplenty:sprout":1,"minecraft:birch_leaves":4},"minecraft:used":{"minecraft:bread":6},"minecraft:crafted":{"minecraft:birch_planks":36},"minecraft:picked_up":{"minecraft:birch_log":9},"minecraft:custom":{"minecraft:jump":513,"minecraft:damage_taken":280,"minecraft:leave_game":5,"minecraft:crouch_one_cm":730,"minecraft:play_time":17393,"lootr:looted_stat":2,"minecraft:sprint_one_cm":96452,"minecraft:time_since_death":17393,"minecraft:walk_one_cm":17489,"minecraft:sneak_time":459,"minecraft:total_world_time":17393,"minecraft:walk_on_water_one_cm":95,"minecraft:fall_one_cm":18070,"minecraft:fly_one_cm":129438,"minecraft:damage_dealt":10,"minecraft:time_since_rest":17393}},"DataVersion":3120}