{"stats":{"minecraft:mined":{"minecraft:birch_log":9,"minecraft:grass":1,"biomesoplenty:sprout":1,"minecraft:birch_leaves":2},"minecraft:used":{"minecraft:bread":3},"minecraft:crafted":{"minecraft:birch_planks":36},"minecraft:picked_up":{"minecraft:birch_log":9},"minecraft:custom":{"minecraft:jump":336,"minecraft:damage_taken":120,"minecraft:leave_game":3,"minecraft:crouch_one_cm":587,"minecraft:play_time":12767,"lootr:looted_stat":2,"minecraft:sprint_one_cm":63438,"minecraft:time_since_death":12767,"minecraft:walk_one_cm":14482,"minecraft:sneak_time":422,"minecraft:total_world_time":12767,"minecraft:fall_one_cm":9461,"minecraft:fly_one_cm":85360,"minecraft:damage_dealt":10,"minecraft:time_since_rest":12767}},"DataVersion":3120}