{"stats":{"minecraft:killed_by":{"minecraft:zombie_villager":1,"irons_spellbooks:necromancer":1,"minecraft:spider":1,"minecraft:zombie":1},"minecraft:mined":{"biomesoplenty:redwood_planks":3,"minecraft:candle":1,"minecraft:grass_block":3,"duneons:goldtrabdoor":1,"duneons:sanctumstonepatternedgildedtop":1,"minecraft:tall_grass":5,"duneons:villager_statuesmooth":3,"duneons:latticestonedirt":2,"biomesoplenty:tall_lavender":20,"duneons:bigwellwater":1,"biomesoplenty:lavender":207,"minecraft:grass":54,"minecraft:coal_ore":6,"biomesoplenty:redwood_log":72,"biomesoplenty:redwood_leaves":2,"duneons:loot_biggrey":1,"minecraft:sand":1,"minecraft:stone":14,"minecraft:fern":3},"minecraft:crafted":{"minecraft:wooden_sword":2,"minecraft:stone_shovel":1,"minecraft:crafting_table":2,"biomesoplenty:redwood_planks":228,"minecraft:wooden_pickaxe":1,"minecraft:stick":56,"minecraft:wooden_axe":3,"minecraft:stone_sword":1,"minecraft:torch":4},"minecraft:used":{"minecraft:stone_sword":21,"biomesoplenty:redwood_planks":115,"duneons:villager_statuesmooth":3,"minecraft:wooden_pickaxe":20,"minecraft:torch":2,"minecraft:dirt":10,"minecraft:crafting_table":2,"minecraft:crossbow":2,"minecraft:wooden_axe":94,"minecraft:bread":6,"minecraft:iron_pickaxe":9},"minecraft:custom":{"minecraft:mob_kills":13,"minecraft:interact_with_crafting_table":12,"minecraft:leave_game":2,"minecraft:time_since_death":22108,"minecraft:time_since_rest":22139,"minecraft:sprint_one_cm":56691,"minecraft:damage_taken":1330,"minecraft:walk_one_cm":106342,"minecraft:drop":9,"minecraft:damage_dealt":2270,"minecraft:swim_one_cm":15477,"minecraft:fly_one_cm":90208,"minecraft:open_chest":4,"minecraft:crouch_one_cm":3232,"minecraft:play_time":42104,"minecraft:walk_under_water_one_cm":23293,"minecraft:deaths":4,"minecraft:sneak_time":1307,"minecraft:jump":633,"minecraft:walk_on_water_one_cm":13671,"minecraft:total_world_time":42104,"minecraft:fall_one_cm":11501},"minecraft:dropped":{"minecraft:bread":1,"biomesoplenty:lavender":64,"biomesoplenty:redwood_planks":1,"minecraft:stick":40,"minecraft:wooden_sword":1},"minecraft:killed":{"minecraft:pig":1,"duneons:vindicatorvariant":3,"duneons:mountaineer":3,"minecraft:skeleton":1,"minecraft:pillager":1,"minecraft:zombie":1},"minecraft:broken":{"minecraft:wooden_axe":1},"minecraft:picked_up":{"minecraft:wooden_axe":1,"biomesoplenty:lavender":240,"biomesoplenty:redwood_log":89,"duneons:villager_statuesmooth":3,"minecraft:dirt":28,"minecraft:string":2,"biomesoplenty:tall_lavender":23,"minecraft:wheat_seeds":5,"minecraft:candle":2,"minecraft:iron_ingot":2,"minecraft:iron_pickaxe":1,"duneons:goldtrabdoor":1,"minecraft:torch":12,"minecraft:porkchop":4,"minecraft:sand":1,"duneons:sanctumstonepatternedgildedtop":1,"duneons:latticestonedirt":3,"biomesoplenty:redwood_planks":63,"minecraft:arrow":2,"minecraft:rotten_flesh":1,"minecraft:crossbow":1,"minecraft:emerald":1,"minecraft:bread":8,"duneons:cobwebdig":2,"minecraft:coal":6,"minecraft:cobblestone":14}},"DataVersion":3120}