{"stats":{"minecraft:mined":{"minecraft:grass":10},"minecraft:picked_up":{"minecraft:wheat_seeds":1},"minecraft:custom":{"minecraft:jump":84,"minecraft:time_since_rest":3646,"minecraft:damage_dealt":45,"minecraft:leave_game":3,"minecraft:play_time":3646,"minecraft:sprint_one_cm":9887,"minecraft:damage_taken":10,"minecraft:time_since_death":3646,"minecraft:walk_one_cm":4074,"minecraft:sneak_time":5,"minecraft:total_world_time":3646,"minecraft:fall_one_cm":2624,"minecraft:fly_one_cm":19656}},"DataVersion":3120}