{"stats":{"minecraft:killed_by":{"minecraft:zombie_villager":1,"irons_spellbooks:necromancer":1,"minecraft:spider":1,"minecraft:zombie":1},"minecraft:mined":{"biomesoplenty:tall_lavender":20,"biomesoplenty:redwood_planks":3,"duneons:bigwellwater":1,"biomesoplenty:lavender":207,"minecraft:grass_block":2,"minecraft:grass":54,"minecraft:coal_ore":6,"biomesoplenty:redwood_log":72,"biomesoplenty:redwood_leaves":2,"minecraft:tall_grass":5,"minecraft:stone":13,"minecraft:fern":3},"minecraft:crafted":{"minecraft:wooden_sword":2,"minecraft:crafting_table":1,"minecraft:stick":52,"biomesoplenty:redwood_planks":228,"minecraft:wooden_pickaxe":1,"minecraft:wooden_axe":3,"minecraft:stone_sword":1,"minecraft:torch":4},"minecraft:used":{"minecraft:wooden_axe":94,"biomesoplenty:redwood_planks":98,"minecraft:wooden_pickaxe":19,"minecraft:torch":2,"minecraft:dirt":10,"minecraft:crafting_table":1},"minecraft:dropped":{"biomesoplenty:lavender":64,"minecraft:wooden_sword":1,"biomesoplenty:redwood_planks":1,"minecraft:stick":40},"minecraft:custom":{"minecraft:time_since_rest":10139,"minecraft:sprint_one_cm":54873,"minecraft:damage_taken":1140,"minecraft:walk_one_cm":70486,"minecraft:mob_kills":6,"minecraft:drop":8,"minecraft:damage_dealt":1455,"minecraft:interact_with_crafting_table":11,"minecraft:fly_one_cm":89243,"minecraft:open_chest":1,"minecraft:crouch_one_cm":2641,"minecraft:play_time":30104,"minecraft:deaths":4,"minecraft:sneak_time":663,"minecraft:walk_under_water_one_cm":816,"minecraft:jump":534,"minecraft:leave_game":2,"minecraft:walk_on_water_one_cm":287,"minecraft:time_since_death":10108,"minecraft:total_world_time":30104,"minecraft:fall_one_cm":10845},"minecraft:killed":{"minecraft:skeleton":1,"minecraft:zombie":1,"minecraft:pig":1},"minecraft:broken":{"minecraft:wooden_axe":1},"minecraft:picked_up":{"biomesoplenty:redwood_log":89,"biomesoplenty:lavender":240,"minecraft:torch":12,"minecraft:porkchop":4,"minecraft:string":2,"minecraft:dirt":26,"biomesoplenty:redwood_planks":63,"biomesoplenty:tall_lavender":23,"minecraft:rotten_flesh":1,"minecraft:arrow":2,"minecraft:wheat_seeds":5,"minecraft:coal":6,"minecraft:cobblestone":13,"minecraft:wooden_axe":1}},"DataVersion":3120}