{"stats":{"minecraft:killed_by":{"minecraft:zombie_villager":1,"irons_spellbooks:necromancer":1,"minecraft:spider":1,"minecraft:zombie":1,"duneons:electric":3},"minecraft:mined":{"biomesoplenty:redwood_planks":3,"minecraft:candle":1,"minecraft:kelp_plant":1,"minecraft:grass_block":3,"duneons:goldtrabdoor":1,"duneons:sanctumstonepatternedgildedtop":1,"minecraft:tall_grass":5,"duneons:villager_statuesmooth":3,"minecraft:kelp":1,"minecraft:oxeye_daisy":1,"duneons:latticestonedirt":2,"biomesoplenty:tall_lavender":20,"duneons:bigwellwater":1,"biomesoplenty:lavender":207,"minecraft:oak_log":3,"minecraft:grass":57,"minecraft:coal_ore":6,"biomesoplenty:redwood_log":72,"biomesoplenty:redwood_leaves":2,"duneons:loot_biggrey":1,"minecraft:sand":1,"minecraft:stone":14,"minecraft:oak_leaves":1,"minecraft:fern":3},"minecraft:crafted":{"minecraft:wooden_sword":2,"minecraft:stone_shovel":1,"minecraft:crafting_table":2,"biomesoplenty:redwood_planks":228,"minecraft:wooden_pickaxe":1,"minecraft:stick":56,"minecraft:wooden_axe":3,"minecraft:stone_sword":1,"minecraft:torch":4},"minecraft:used":{"minecraft:stone_sword":24,"biomesoplenty:redwood_planks":115,"duneons:villager_statuesmooth":3,"minecraft:wooden_pickaxe":20,"minecraft:torch":2,"minecraft:dirt":10,"minecraft:crafting_table":2,"minecraft:crossbow":2,"minecraft:wooden_axe":94,"minecraft:bread":7,"minecraft:iron_pickaxe":9},"minecraft:custom":{"minecraft:mob_kills":14,"minecraft:interact_with_crafting_table":12,"minecraft:leave_game":3,"minecraft:time_since_death":2101,"minecraft:time_since_rest":2152,"minecraft:sprint_one_cm":71372,"minecraft:damage_taken":2050,"minecraft:walk_one_cm":111009,"minecraft:drop":9,"minecraft:damage_dealt":2501,"minecraft:swim_one_cm":65973,"minecraft:fly_one_cm":127792,"minecraft:open_chest":4,"minecraft:crouch_one_cm":3232,"minecraft:play_time":48699,"minecraft:walk_under_water_one_cm":30416,"minecraft:deaths":7,"minecraft:sneak_time":1329,"minecraft:jump":803,"minecraft:walk_on_water_one_cm":29217,"minecraft:total_world_time":48699,"minecraft:fall_one_cm":14392},"minecraft:dropped":{"minecraft:bread":1,"biomesoplenty:lavender":64,"biomesoplenty:redwood_planks":1,"minecraft:stick":40,"minecraft:wooden_sword":1},"minecraft:killed":{"minecraft:pig":2,"duneons:vindicatorvariant":3,"duneons:mountaineer":3,"minecraft:skeleton":1,"minecraft:pillager":1,"minecraft:zombie":1},"minecraft:broken":{"minecraft:wooden_axe":1},"minecraft:picked_up":{"minecraft:wooden_axe":1,"biomesoplenty:lavender":249,"biomesoplenty:redwood_log":89,"minecraft:glow_ink_sac":2,"duneons:villager_statuesmooth":3,"minecraft:oak_log":3,"minecraft:dirt":34,"minecraft:string":2,"minecraft:wooden_sword":1,"duneons:wagonblock":2,"biomesoplenty:tall_lavender":27,"minecraft:bone":2,"minecraft:apple":1,"minecraft:kelp":1,"minecraft:wheat_seeds":6,"minecraft:candle":4,"minecraft:iron_ingot":4,"minecraft:iron_pickaxe":2,"minecraft:stick":2,"duneons:goldtrabdoor":1,"minecraft:torch":26,"duneons:powerfulbow":1,"minecraft:porkchop":5,"minecraft:sand":2,"duneons:sanctumstonepatternedgildedtop":2,"duneons:latticestonedirt":6,"minecraft:stone_sword":1,"minecraft:stone_shovel":1,"biomesoplenty:redwood_planks":64,"minecraft:arrow":4,"minecraft:rotten_flesh":2,"minecraft:crossbow":2,"minecraft:emerald":2,"minecraft:bread":8,"duneons:cobwebdig":2,"minecraft:coal":11,"minecraft:cobblestone":25,"minecraft:oxeye_daisy":1}},"DataVersion":3120}