{"stats":{"minecraft:mined":{"minecraft:grass":19,"biomesoplenty:tall_lavender":2,"biomesoplenty:redwood_log":20,"biomesoplenty:lavender":39},"minecraft:crafted":{"minecraft:crafting_table":1,"minecraft:stick":4,"biomesoplenty:redwood_planks":12,"minecraft:wooden_axe":1},"minecraft:used":{"minecraft:wooden_axe":17,"minecraft:crafting_table":1},"minecraft:dropped":{"biomesoplenty:redwood_planks":1},"minecraft:custom":{"minecraft:time_since_rest":3960,"minecraft:crouch_one_cm":89,"minecraft:play_time":3960,"minecraft:sprint_one_cm":3992,"minecraft:walk_one_cm":6731,"minecraft:sneak_time":35,"minecraft:mob_kills":1,"minecraft:drop":1,"minecraft:jump":81,"minecraft:damage_dealt":99,"minecraft:time_since_death":3960,"minecraft:total_world_time":3960,"minecraft:interact_with_crafting_table":1,"minecraft:fall_one_cm":1463,"minecraft:fly_one_cm":11915},"minecraft:killed":{"minecraft:pig":1},"minecraft:picked_up":{"biomesoplenty:redwood_log":20,"biomesoplenty:lavender":27,"biomesoplenty:redwood_planks":1,"biomesoplenty:tall_lavender":2,"minecraft:porkchop":2}},"DataVersion":3120}