{"stats":{"minecraft:killed_by":{"minecraft:zombie":1,"irons_spellbooks:necromancer":1},"minecraft:mined":{"minecraft:grass":33,"biomesoplenty:redwood_log":55,"biomesoplenty:tall_lavender":8,"biomesoplenty:redwood_planks":3,"biomesoplenty:redwood_leaves":2,"minecraft:tall_grass":4,"biomesoplenty:lavender":95},"minecraft:crafted":{"minecraft:crafting_table":1,"minecraft:stick":4,"biomesoplenty:redwood_planks":156,"minecraft:wooden_axe":2},"minecraft:used":{"minecraft:wooden_axe":82,"minecraft:crafting_table":1,"biomesoplenty:redwood_planks":98},"minecraft:dropped":{"biomesoplenty:redwood_planks":1},"minecraft:custom":{"minecraft:time_since_rest":710,"minecraft:play_time":18104,"minecraft:crouch_one_cm":1918,"minecraft:sprint_one_cm":30543,"minecraft:deaths":2,"minecraft:damage_taken":645,"minecraft:walk_one_cm":32263,"minecraft:sneak_time":432,"minecraft:mob_kills":2,"minecraft:drop":1,"minecraft:jump":294,"minecraft:damage_dealt":681,"minecraft:leave_game":2,"minecraft:time_since_death":681,"minecraft:total_world_time":18104,"minecraft:interact_with_crafting_table":5,"minecraft:fall_one_cm":7383,"minecraft:fly_one_cm":50220},"minecraft:killed":{"minecraft:pig":1},"minecraft:broken":{"minecraft:wooden_axe":1},"minecraft:picked_up":{"biomesoplenty:lavender":139,"biomesoplenty:redwood_log":71,"biomesoplenty:tall_lavender":12,"biomesoplenty:redwood_planks":51,"minecraft:wheat_seeds":4,"minecraft:porkchop":4,"minecraft:wooden_axe":1}},"DataVersion":3120}