{"stats":{"minecraft:mined":{"minecraft:grass":24,"biomesoplenty:tall_lavender":5,"biomesoplenty:redwood_log":42,"biomesoplenty:redwood_leaves":2,"minecraft:tall_grass":4,"biomesoplenty:lavender":84},"minecraft:crafted":{"minecraft:crafting_table":1,"minecraft:stick":4,"biomesoplenty:redwood_planks":156,"minecraft:wooden_axe":1},"minecraft:used":{"minecraft:wooden_axe":58,"minecraft:crafting_table":1,"biomesoplenty:redwood_planks":1},"minecraft:dropped":{"biomesoplenty:redwood_planks":1},"minecraft:custom":{"minecraft:time_since_rest":11441,"minecraft:crouch_one_cm":141,"minecraft:play_time":11441,"minecraft:sprint_one_cm":15574,"minecraft:walk_one_cm":11990,"minecraft:sneak_time":44,"minecraft:mob_kills":1,"minecraft:drop":1,"minecraft:jump":168,"minecraft:damage_dealt":99,"minecraft:leave_game":1,"minecraft:time_since_death":11441,"minecraft:total_world_time":11441,"minecraft:interact_with_crafting_table":4,"minecraft:fall_one_cm":3882,"minecraft:fly_one_cm":30203},"minecraft:killed":{"minecraft:pig":1},"minecraft:picked_up":{"biomesoplenty:redwood_log":42,"biomesoplenty:lavender":64,"biomesoplenty:redwood_planks":1,"biomesoplenty:tall_lavender":5,"minecraft:wheat_seeds":2,"minecraft:porkchop":2}},"DataVersion":3120}