{
  "minecraft:recipes/tools/fishing_rod": {
    "criteria": {
      "has_string": "2024-08-06 18:45:49 +0000"
    },
    "done": true
  },
  "minecraft:recipes/food/cooked_mutton_from_campfire_cooking": {
    "criteria": {
      "has_mutton": "2024-08-06 18:38:02 +0000"
    },
    "done": true
  },
  "minecraft:recipes/decorations/smoker": {
    "criteria": {
      "has_furnace": "2024-08-06 18:50:49 +0000"
    },
    "done": true
  },
  "spartanshields:recipes/spartanshields/stone_tower_shield": {
    "criteria": {
      "has_cobblestone": "2024-08-06 18:50:14 +0000"
    },
    "done": true
  },
  "spartanweaponry:recipes/spartanweaponry.basic/iron_scythe": {
    "criteria": {
      "has_iron_ingot": "2024-08-06 18:55:07 +0000"
    },
    "done": true
  },
  "farmersdelight:recipes/farmersdelight/wheat_dough_from_eggs": {
    "criteria": {
      "has_wheat": "2024-08-06 19:07:10 +0000"
    },
    "done": true
  },
  "minecraft:recipes/building_blocks/purple_wool": {
    "criteria": {
      "has_white_wool": "2024-08-06 18:38:09 +0000"
    },
    "done": true
  },
  "incendium:technical/on_block": {
    "criteria": {
      "log_spam_fixer": "2024-08-06 19:09:53 +0000"
    },
    "done": false
  },
  "minecraft:recipes/redstone/lever": {
    "criteria": {
      "has_cobblestone": "2024-08-06 18:50:14 +0000"
    },
    "done": true
  },
  "spartanweaponry:recipes/spartanweaponry.basic/stone_greatsword": {
    "criteria": {
      "has_cobblestone": "2024-08-06 18:50:14 +0000"
    },
    "done": true
  },
  "minecraft:recipes/building_blocks/cobblestone_stairs_from_cobblestone_stonecutting": {
    "criteria": {
      "has_cobblestone": "2024-08-06 18:50:14 +0000"
    },
    "done": true
  },
  "farmersdelight:recipes/farmersdelight/organic_compost_from_rotten_flesh": {
    "criteria": {
      "has_rotten_flesh": "2024-08-06 18:46:36 +0000"
    },
    "done": true
  },
  "travelersbackpack:recipes/travelersbackpack/white_sleeping_bag": {
    "criteria": {
      "has_white_wool": "2024-08-06 18:38:09 +0000"
    },
    "done": true
  },
  "minecraft:recipes/combat/iron_sword": {
    "criteria": {
      "has_iron_ingot": "2024-08-06 18:55:07 +0000"
    },
    "done": true
  },
  "minecraft:recipes/building_blocks/stone_bricks": {
    "criteria": {
      "has_stone": "2024-08-06 18:56:59 +0000"
    },
    "done": true
  },
  "biomesoplenty:recipes/transportation/willow_boat": {
    "criteria": {
      "in_water": "2024-08-06 18:30:44 +0000"
    },
    "done": true
  },
  "spartanweaponry:recipes/spartanweaponry.basic/wooden_katana": {
    "criteria": {
      "has_wood": "2024-08-06 18:32:57 +0000"
    },
    "done": true
  },
  "minecraft:recipes/decorations/white_bed": {
    "criteria": {
      "has_white_wool": "2024-08-06 18:38:09 +0000"
    },
    "done": true
  },
  "spartanweaponry:recipes/spartanweaponry.basic/wooden_quarterstaff": {
    "criteria": {
      "has_wood": "2024-08-06 18:32:57 +0000"
    },
    "done": true
  },
  "minecraft:recipes/tools/iron_pickaxe": {
    "criteria": {
      "has_iron_ingot": "2024-08-06 18:55:07 +0000"
    },
    "done": true
  },
  "minecraft:recipes/combat/leather_helmet": {
    "criteria": {
      "has_leather": "2024-08-06 18:38:47 +0000"
    },
    "done": true
  },
  "minecraft:recipes/decorations/crafting_table": {
    "criteria": {
      "has_planks": "2024-08-06 18:32:57 +0000"
    },
    "done": true
  },
  "minecraft:recipes/building_blocks/magenta_wool": {
    "criteria": {
      "has_white_wool": "2024-08-06 18:38:09 +0000"
    },
    "done": true
  },
  "spartanweaponry:recipes/spartanweaponry.basic/iron_lance": {
    "criteria": {
      "has_iron_ingot": "2024-08-06 18:55:07 +0000"
    },
    "done": true
  },
  "minecraft:recipes/decorations/candle": {
    "criteria": {
      "has_string": "2024-08-06 18:45:49 +0000"
    },
    "done": true
  },
  "minecraft:recipes/decorations/campfire": {
    "criteria": {
      "has_stick": "2024-08-06 18:48:57 +0000"
    },
    "done": true
  },
  "travelersbackpack:recipes/travelersbackpack/pig": {
    "criteria": {
      "has_porkchop": "2024-08-06 18:54:15 +0000"
    },
    "done": true
  },
  "minecraft:recipes/food/bread": {
    "criteria": {
      "has_wheat": "2024-08-06 19:07:10 +0000"
    },
    "done": true
  },
  "minecraft:recipes/building_blocks/smooth_stone": {
    "criteria": {
      "has_stone": "2024-08-06 18:56:59 +0000"
    },
    "done": true
  },
  "biomesoplenty:recipes/transportation/mahogany_boat": {
    "criteria": {
      "in_water": "2024-08-06 18:30:44 +0000"
    },
    "done": true
  },
  "minecraft:recipes/decorations/ladder": {
    "criteria": {
      "has_stick": "2024-08-06 18:48:57 +0000"
    },
    "done": true
  },
  "minecraft:recipes/misc/iron_nugget": {
    "criteria": {
      "has_iron_ingot": "2024-08-06 18:55:07 +0000"
    },
    "done": true
  },
  "farmersdelight:recipes/farmersdelight/pie_crust": {
    "criteria": {
      "has_wheat": "2024-08-06 19:07:10 +0000"
    },
    "done": true
  },
  "minecraft:recipes/decorations/chest": {
    "criteria": {
      "has_lots_of_items": "2024-08-06 18:40:39 +0000"
    },
    "done": true
  },
  "minecraft:recipes/building_blocks/stone_slab_from_stone_stonecutting": {
    "criteria": {
      "has_stone": "2024-08-06 18:56:59 +0000"
    },
    "done": true
  },
  "minecraft:recipes/building_blocks/chiseled_stone_bricks_stone_from_stonecutting": {
    "criteria": {
      "has_stone": "2024-08-06 18:56:59 +0000"
    },
    "done": true
  },
  "minecraft:recipes/transportation/mangrove_boat": {
    "criteria": {
      "in_water": "2024-08-06 18:30:44 +0000"
    },
    "done": true
  },
  "minecraft:recipes/tools/wooden_shovel": {
    "criteria": {
      "has_stick": "2024-08-06 18:48:57 +0000"
    },
    "done": true
  },
  "minecraft:recipes/decorations/torch": {
    "criteria": {
      "has_the_recipe": "2024-08-06 18:53:08 +0000"
    },
    "done": true
  },
  "travelersbackpack:recipes/travelersbackpack/spider": {
    "criteria": {
      "has_string": "2024-08-06 18:45:49 +0000"
    },
    "done": true
  },
  "minecraft:recipes/building_blocks/cyan_wool": {
    "criteria": {
      "has_white_wool": "2024-08-06 18:38:09 +0000"
    },
    "done": true
  },
  "spartanweaponry:recipes/spartanweaponry.basic/iron_spear": {
    "criteria": {
      "has_iron_ingot": "2024-08-06 18:55:07 +0000"
    },
    "done": true
  },
  "biomesoplenty:recipes/transportation/dead_boat": {
    "criteria": {
      "in_water": "2024-08-06 18:30:44 +0000"
    },
    "done": true
  },
  "minecraft:recipes/tools/shears": {
    "criteria": {
      "has_iron_ingot": "2024-08-06 18:55:07 +0000"
    },
    "done": true
  },
  "minecraft:recipes/misc/stick": {
    "criteria": {
      "has_planks": "2024-08-06 18:32:57 +0000"
    },
    "done": true
  },
  "minecraft:recipes/building_blocks/stone_brick_slab_from_stone_stonecutting": {
    "criteria": {
      "has_stone": "2024-08-06 18:56:59 +0000"
    },
    "done": true
  },
  "lootr:1chest": {
    "criteria": {
      "opened_chest": "2024-08-06 19:07:07 +0000"
    },
    "done": true
  },
  "spartanweaponry:recipes/spartanweaponry.basic/iron_heavy_crossbow": {
    "criteria": {
      "has_iron_ingot": "2024-08-06 18:55:07 +0000"
    },
    "done": true
  },
  "minecraft:recipes/transportation/spruce_boat": {
    "criteria": {
      "in_water": "2024-08-06 18:30:44 +0000"
    },
    "done": true
  },
  "spartanweaponry:recipes/spartanweaponry.basic/iron_greatsword": {
    "criteria": {
      "has_iron_ingot": "2024-08-06 18:55:07 +0000"
    },
    "done": true
  },
  "spartanweaponry:recipes/spartanweaponry.basic/stone_boomerang": {
    "criteria": {
      "has_cobblestone": "2024-08-06 18:50:14 +0000"
    },
    "done": true
  },
  "spartanweaponry:recipes/spartanweaponry.basic/pole_from_leather": {
    "criteria": {
      "has_stick": "2024-08-06 18:48:57 +0000"
    },
    "done": true
  },
  "minecraft:recipes/building_blocks/gray_wool": {
    "criteria": {
      "has_white_wool": "2024-08-06 18:38:09 +0000"
    },
    "done": true
  },
  "spartanweaponry:recipes/spartanweaponry.basic/iron_parrying_dagger": {
    "criteria": {
      "has_iron_ingot": "2024-08-06 18:55:07 +0000"
    },
    "done": true
  },
  "spartanweaponry:recipes/spartanweaponry.basic/cestus": {
    "criteria": {
      "has_wool": "2024-08-06 18:38:02 +0000"
    },
    "done": true
  },
  "minecraft:recipes/combat/iron_leggings": {
    "criteria": {
      "has_iron_ingot": "2024-08-06 18:55:07 +0000"
    },
    "done": true
  },
  "minecraft:husbandry/balanced_diet": {
    "criteria": {
      "bread": "2024-08-06 19:00:04 +0000"
    },
    "done": false
  },
  "minecraft:recipes/tools/wooden_hoe": {
    "criteria": {
      "has_stick": "2024-08-06 18:48:57 +0000"
    },
    "done": true
  },
  "minecraft:recipes/combat/shield": {
    "criteria": {
      "has_iron_ingot": "2024-08-06 18:55:07 +0000"
    },
    "done": true
  },
  "minecraft:recipes/building_blocks/cobblestone_slab": {
    "criteria": {
      "has_cobblestone": "2024-08-06 18:50:14 +0000"
    },
    "done": true
  },
  "biomesoplenty:recipes/misc/purple_dye_from_tall_lavender": {
    "criteria": {
      "has_flower": "2024-08-06 18:40:29 +0000"
    },
    "done": true
  },
  "spartanweaponry:recipes/spartanweaponry.basic/iron_battleaxe": {
    "criteria": {
      "has_iron_ingot": "2024-08-06 18:55:07 +0000"
    },
    "done": true
  },
  "travelersbackpack:recipes/travelersbackpack/iron_tier_upgrade": {
    "criteria": {
      "has_iron_ingot": "2024-08-06 18:55:07 +0000"
    },
    "done": true
  },
  "minecraft:recipes/misc/bucket": {
    "criteria": {
      "has_iron_ingot": "2024-08-06 18:55:07 +0000"
    },
    "done": true
  },
  "spartanweaponry:recipes/spartanweaponry.basic/wooden_glaive": {
    "criteria": {
      "has_wood": "2024-08-06 18:32:57 +0000"
    },
    "done": true
  },
  "minecraft:recipes/decorations/gray_bed": {
    "criteria": {
      "has_gray_wool": "2024-08-06 18:38:02 +0000"
    },
    "done": true
  },
  "minecraft:recipes/building_blocks/cobblestone_stairs": {
    "criteria": {
      "has_cobblestone": "2024-08-06 18:50:14 +0000"
    },
    "done": true
  },
  "minecraft:recipes/redstone/hopper": {
    "criteria": {
      "has_iron_ingot": "2024-08-06 18:55:07 +0000"
    },
    "done": true
  },
  "biomesoplenty:recipes/transportation/magic_boat": {
    "criteria": {
      "in_water": "2024-08-06 18:30:44 +0000"
    },
    "done": true
  },
  "travelersbackpack:recipes/travelersbackpack/sheep": {
    "criteria": {
      "has_white_wool": "2024-08-06 18:38:09 +0000"
    },
    "done": true
  },
  "spartanweaponry:recipes/spartanweaponry.basic/wooden_rapier": {
    "criteria": {
      "has_wood": "2024-08-06 18:32:57 +0000"
    },
    "done": true
  },
  "farmersdelight:recipes/farmersdelight/cooking/beef_stew": {
    "criteria": {
      "has_any_ingredient": "2024-08-06 18:38:47 +0000"
    },
    "done": true
  },
  "biomesoplenty:recipes/redstone/redwood_button": {
    "criteria": {
      "has_planks": "2024-08-06 18:47:01 +0000"
    },
    "done": true
  },
  "minecraft:recipes/decorations/white_banner": {
    "criteria": {
      "has_white_wool": "2024-08-06 18:38:09 +0000"
    },
    "done": true
  },
  "biomesoplenty:recipes/transportation/cherry_boat": {
    "criteria": {
      "in_water": "2024-08-06 18:30:44 +0000"
    },
    "done": true
  },
  "spartanweaponry:recipes/spartanweaponry.basic/wooden_flanged_mace": {
    "criteria": {
      "has_wood": "2024-08-06 18:32:57 +0000"
    },
    "done": true
  },
  "incendium:technical/using/shield": {
    "criteria": {
      "log_spam_fixer": "2024-08-06 18:29:59 +0000"
    },
    "done": false
  },
  "biomesoplenty:recipes/transportation/fir_boat": {
    "criteria": {
      "in_water": "2024-08-06 18:30:44 +0000"
    },
    "done": true
  },
  "spartanweaponry:recipes/spartanweaponry.basic/wooden_boomerang": {
    "criteria": {
      "has_wood": "2024-08-06 18:32:57 +0000"
    },
    "done": true
  },
  "spartanweaponry:recipes/spartanweaponry.basic/stone_warhammer": {
    "criteria": {
      "has_cobblestone": "2024-08-06 18:50:14 +0000"
    },
    "done": true
  },
  "minecraft:recipes/misc/leather_horse_armor": {
    "criteria": {
      "has_leather": "2024-08-06 18:38:47 +0000"
    },
    "done": true
  },
  "minecraft:recipes/building_blocks/hay_block": {
    "criteria": {
      "has_wheat": "2024-08-06 19:07:10 +0000"
    },
    "done": true
  },
  "minecraft:recipes/combat/leather_leggings": {
    "criteria": {
      "has_leather": "2024-08-06 18:38:47 +0000"
    },
    "done": true
  },
  "minecraft:recipes/combat/iron_helmet": {
    "criteria": {
      "has_iron_ingot": "2024-08-06 18:55:07 +0000"
    },
    "done": true
  },
  "minecraft:recipes/combat/bow": {
    "criteria": {
      "has_string": "2024-08-06 18:45:49 +0000"
    },
    "done": true
  },
  "minecraft:recipes/redstone/oak_fence_gate": {
    "criteria": {
      "has_planks": "2024-08-06 18:32:57 +0000"
    },
    "done": true
  },
  "biomesoplenty:recipes/redstone/redwood_pressure_plate": {
    "criteria": {
      "has_planks": "2024-08-06 18:47:01 +0000"
    },
    "done": true
  },
  "incendium:technical/using/trailblazer": {
    "criteria": {
      "log_spam_fixer": "2024-08-06 18:29:59 +0000"
    },
    "done": false
  },
  "spartanshields:recipes/spartanshields/stone_basic_shield": {
    "criteria": {
      "has_cobblestone": "2024-08-06 18:50:14 +0000"
    },
    "done": true
  },
  "minecraft:recipes/building_blocks/stone_stairs_from_stone_stonecutting": {
    "criteria": {
      "has_stone": "2024-08-06 18:56:59 +0000"
    },
    "done": true
  },
  "spartanweaponry:recipes/spartanweaponry.basic/stone_saber": {
    "criteria": {
      "has_cobblestone": "2024-08-06 18:50:14 +0000"
    },
    "done": true
  },
  "spartanweaponry:recipes/spartanweaponry.basic/wooden_warhammer": {
    "criteria": {
      "has_wood": "2024-08-06 18:32:57 +0000"
    },
    "done": true
  },
  "spartanweaponry:recipes/spartanweaponry.basic/simple_handle": {
    "criteria": {
      "has_stick": "2024-08-06 18:48:57 +0000"
    },
    "done": true
  },
  "minecraft:recipes/decorations/iron_bars": {
    "criteria": {
      "has_iron_ingot": "2024-08-06 18:55:07 +0000"
    },
    "done": true
  },
  "incendium:technical/scroll_of_returning": {
    "criteria": {
      "log_spam_fixer": "2024-08-06 18:29:59 +0000"
    },
    "done": false
  },
  "spartanweaponry:recipes/spartanweaponry.basic/wooden_throwing_knife": {
    "criteria": {
      "has_wood": "2024-08-06 18:32:57 +0000"
    },
    "done": true
  },
  "minecraft:recipes/building_blocks/blue_wool": {
    "criteria": {
      "has_white_wool": "2024-08-06 18:38:09 +0000"
    },
    "done": true
  },
  "travelersbackpack:recipes/travelersbackpack/skeleton": {
    "criteria": {
      "has_arrow": "2024-08-06 18:48:42 +0000"
    },
    "done": true
  },
  "spartanweaponry:recipes/spartanweaponry.basic/stone_longsword": {
    "criteria": {
      "has_cobblestone": "2024-08-06 18:50:14 +0000"
    },
    "done": true
  },
  "biomesoplenty:biomesoplenty/all_biomes": {
    "criteria": {
      "redwood_forest": "2024-08-06 18:41:17 +0000",
      "lavender_field": "2024-08-06 18:31:16 +0000"
    },
    "done": false
  },
  "minecraft:story/mine_stone": {
    "criteria": {
      "get_stone": "2024-08-06 18:50:14 +0000"
    },
    "done": true
  },
  "spartanweaponry:recipes/spartanweaponry.basic/wooden_spear": {
    "criteria": {
      "has_wood": "2024-08-06 18:32:57 +0000"
    },
    "done": true
  },
  "minecraft:recipes/decorations/furnace": {
    "criteria": {
      "has_cobblestone": "2024-08-06 18:50:14 +0000"
    },
    "done": true
  },
  "minecraft:recipes/transportation/minecart": {
    "criteria": {
      "has_iron_ingot": "2024-08-06 18:55:07 +0000"
    },
    "done": true
  },
  "spartanweaponry:recipes/spartanweaponry.basic/iron_glaive": {
    "criteria": {
      "has_iron_ingot": "2024-08-06 18:55:07 +0000"
    },
    "done": true
  },
  "spartanweaponry:recipes/spartanweaponry.basic/iron_longsword": {
    "criteria": {
      "has_iron_ingot": "2024-08-06 18:55:07 +0000"
    },
    "done": true
  },
  "spartanweaponry:recipes/spartanweaponry.basic/wooden_longbow": {
    "criteria": {
      "has_wood": "2024-08-06 18:32:57 +0000"
    },
    "done": true
  },
  "minecraft:recipes/misc/charcoal": {
    "criteria": {
      "has_log": "2024-08-06 18:32:28 +0000"
    },
    "done": true
  },
  "spartanweaponry:recipes/spartanweaponry.basic/iron_flanged_mace": {
    "criteria": {
      "has_iron_ingot": "2024-08-06 18:55:07 +0000"
    },
    "done": true
  },
  "spartanweaponry:recipes/spartanweaponry.basic/stone_glaive": {
    "criteria": {
      "has_cobblestone": "2024-08-06 18:50:14 +0000"
    },
    "done": true
  },
  "travelersbackpack:recipes/travelersbackpack/gray_sleeping_bag": {
    "criteria": {
      "has_gray_wool": "2024-08-06 18:38:02 +0000"
    },
    "done": true
  },
  "minecraft:recipes/building_blocks/orange_wool": {
    "criteria": {
      "has_white_wool": "2024-08-06 18:38:09 +0000"
    },
    "done": true
  },
  "spartanweaponry:recipes/spartanweaponry.basic/iron_dagger": {
    "criteria": {
      "has_iron_ingot": "2024-08-06 18:55:07 +0000"
    },
    "done": true
  },
  "spartanweaponry:recipes/spartanweaponry.basic/iron_quarterstaff": {
    "criteria": {
      "has_iron_ingot": "2024-08-06 18:55:07 +0000"
    },
    "done": true
  },
  "minecraft:recipes/tools/iron_hoe": {
    "criteria": {
      "has_iron_ingot": "2024-08-06 18:55:07 +0000"
    },
    "done": true
  },
  "minecraft:recipes/tools/wooden_pickaxe": {
    "criteria": {
      "has_stick": "2024-08-06 18:48:57 +0000"
    },
    "done": true
  },
  "minecraft:recipes/building_blocks/cobblestone_slab_from_cobblestone_stonecutting": {
    "criteria": {
      "has_cobblestone": "2024-08-06 18:50:14 +0000"
    },
    "done": true
  },
  "minecraft:husbandry/root": {
    "criteria": {
      "consumed_item": "2024-08-06 19:00:04 +0000"
    },
    "done": true
  },
  "minecraft:recipes/transportation/birch_boat": {
    "criteria": {
      "in_water": "2024-08-06 18:30:44 +0000"
    },
    "done": true
  },
  "minecraft:recipes/building_blocks/oak_stairs": {
    "criteria": {
      "has_planks": "2024-08-06 18:32:57 +0000"
    },
    "done": true
  },
  "minecraft:recipes/transportation/acacia_boat": {
    "criteria": {
      "in_water": "2024-08-06 18:30:44 +0000"
    },
    "done": true
  },
  "minecraft:recipes/tools/iron_shovel": {
    "criteria": {
      "has_iron_ingot": "2024-08-06 18:55:07 +0000"
    },
    "done": true
  },
  "minecraft:recipes/redstone/iron_trapdoor": {
    "criteria": {
      "has_iron_ingot": "2024-08-06 18:55:07 +0000"
    },
    "done": true
  },
  "incendium:technical/inventory/firestorm": {
    "criteria": {
      "log_spam_fixer": "2024-08-06 19:09:53 +0000"
    },
    "done": false
  },
  "farmersdelight:recipes/farmersdelight/cutting_board": {
    "criteria": {
      "has_stick": "2024-08-06 18:48:57 +0000"
    },
    "done": true
  },
  "spartanweaponry:recipes/spartanweaponry.basic/iron_throwing_knife": {
    "criteria": {
      "has_iron_ingot": "2024-08-06 18:55:07 +0000"
    },
    "done": true
  },
  "minecraft:adventure/root": {
    "criteria": {
      "killed_something": "2024-08-06 18:38:01 +0000"
    },
    "done": true
  },
  "spartanweaponry:recipes/spartanweaponry.basic/handle_from_leather": {
    "criteria": {
      "has_stick": "2024-08-06 18:48:57 +0000"
    },
    "done": true
  },
  "spartanweaponry:recipes/spartanweaponry.basic/stone_dagger": {
    "criteria": {
      "has_cobblestone": "2024-08-06 18:50:14 +0000"
    },
    "done": true
  },
  "biomesoplenty:recipes/decorations/redwood_fence": {
    "criteria": {
      "has_planks": "2024-08-06 18:47:01 +0000"
    },
    "done": true
  },
  "lootr:social": {
    "criteria": {
      "opened_chest": "2024-08-06 19:07:07 +0000"
    },
    "done": false
  },
  "farmersdelight:main/root": {
    "criteria": {
      "seeds": "2024-08-06 18:32:28 +0000"
    },
    "done": true
  },
  "minecraft:recipes/decorations/item_frame": {
    "criteria": {
      "has_leather": "2024-08-06 18:38:47 +0000"
    },
    "done": true
  },
  "minecraft:recipes/building_blocks/stone_brick_stairs_from_stone_stonecutting": {
    "criteria": {
      "has_stone": "2024-08-06 18:56:59 +0000"
    },
    "done": true
  },
  "minecraft:recipes/building_blocks/white_wool_from_string": {
    "criteria": {
      "has_string": "2024-08-06 18:45:49 +0000"
    },
    "done": true
  },
  "minecraft:recipes/tools/stone_hoe": {
    "criteria": {
      "has_cobblestone": "2024-08-06 18:50:14 +0000"
    },
    "done": true
  },
  "spartanweaponry:recipes/spartanweaponry.basic/stone_scythe": {
    "criteria": {
      "has_cobblestone": "2024-08-06 18:50:14 +0000"
    },
    "done": true
  },
  "minecraft:adventure/kill_all_mobs": {
    "criteria": {
      "minecraft:spider": "2024-08-06 18:45:47 +0000",
      "minecraft:drowned": "2024-08-06 19:06:41 +0000"
    },
    "done": false
  },
  "incendium:technical/sentrys_wrath": {
    "criteria": {
      "log_spam_fixer": "2024-08-06 19:09:53 +0000"
    },
    "done": false
  },
  "farmersdelight:recipes/farmersdelight/cooking_pot": {
    "criteria": {
      "has_iron_ingot": "2024-08-06 18:55:07 +0000"
    },
    "done": true
  },
  "farmersdelight:recipes/farmersdelight/cooking/dog_food": {
    "criteria": {
      "has_any_ingredient": "2024-08-06 18:46:36 +0000"
    },
    "done": true
  },
  "farmersdelight:recipes/farmersdelight/wheat_dough_from_water": {
    "criteria": {
      "has_wheat": "2024-08-06 19:07:10 +0000"
    },
    "done": true
  },
  "minecraft:recipes/food/cooked_beef_from_smoking": {
    "criteria": {
      "has_beef": "2024-08-06 18:38:47 +0000"
    },
    "done": true
  },
  "spartanweaponry:recipes/spartanweaponry.basic/iron_katana": {
    "criteria": {
      "has_iron_ingot": "2024-08-06 18:55:07 +0000"
    },
    "done": true
  },
  "minecraft:recipes/decorations/white_carpet": {
    "criteria": {
      "has_white_wool": "2024-08-06 18:38:09 +0000"
    },
    "done": true
  },
  "minecraft:recipes/food/cooked_mutton_from_smoking": {
    "criteria": {
      "has_mutton": "2024-08-06 18:38:02 +0000"
    },
    "done": true
  },
  "spartanweaponry:recipes/spartanweaponry.basic/stone_quarterstaff": {
    "criteria": {
      "has_cobblestone": "2024-08-06 18:50:14 +0000"
    },
    "done": true
  },
  "spartanshields:recipes/spartanshields/iron_tower_shield": {
    "criteria": {
      "has_iron_ingot": "2024-08-06 18:55:07 +0000"
    },
    "done": true
  },
  "betterdeserttemples:root": {
    "criteria": {
      "always": "2024-08-06 18:29:58 +0000"
    },
    "done": true
  },
  "totw_modded:root": {
    "criteria": {
      "sample_trigger": "2024-08-06 18:32:28 +0000"
    },
    "done": true
  },
  "spartanshields:recipes/spartanshields/iron_basic_shield": {
    "criteria": {
      "has_iron_ingot": "2024-08-06 18:55:07 +0000"
    },
    "done": true
  },
  "minecraft:recipes/decorations/chain": {
    "criteria": {
      "has_iron_ingot": "2024-08-06 18:55:07 +0000"
    },
    "done": true
  },
  "incendium:technical/feed_ghastling": {
    "criteria": {
      "log_spam_fixer": "2024-08-06 19:09:53 +0000"
    },
    "done": false
  },
  "minecraft:recipes/decorations/oak_fence": {
    "criteria": {
      "has_planks": "2024-08-06 18:32:57 +0000"
    },
    "done": true
  },
  "minecraft:recipes/transportation/oak_boat": {
    "criteria": {
      "in_water": "2024-08-06 18:30:44 +0000"
    },
    "done": true
  },
  "spartanweaponry:recipes/spartanweaponry.basic/leather_heavy_crossbow": {
    "criteria": {
      "has_leather": "2024-08-06 18:38:47 +0000"
    },
    "done": true
  },
  "spartanweaponry:recipes/spartanweaponry.basic/handle_from_string": {
    "criteria": {
      "has_string": "2024-08-06 18:45:49 +0000"
    },
    "done": true
  },
  "minecraft:recipes/food/cooked_porkchop": {
    "criteria": {
      "has_porkchop": "2024-08-06 18:54:15 +0000"
    },
    "done": true
  },
  "minecraft:recipes/building_blocks/oak_slab": {
    "criteria": {
      "has_planks": "2024-08-06 18:32:57 +0000"
    },
    "done": true
  },
  "incendium:technical/on_inventory_change": {
    "criteria": {
      "log_spam_fixer": "2024-08-06 19:09:53 +0000"
    },
    "done": false
  },
  "biomesoplenty:recipes/building_blocks/redwood_slab": {
    "criteria": {
      "has_planks": "2024-08-06 18:47:01 +0000"
    },
    "done": true
  },
  "spartanweaponry:recipes/spartanweaponry.basic/stone_flanged_mace": {
    "criteria": {
      "has_cobblestone": "2024-08-06 18:50:14 +0000"
    },
    "done": true
  },
  "minecraft:recipes/food/cooked_porkchop_from_campfire_cooking": {
    "criteria": {
      "has_porkchop": "2024-08-06 18:54:15 +0000"
    },
    "done": true
  },
  "deeperdarker:recipes/deeperdarker/echo_boat": {
    "criteria": {
      "in_water": "2024-08-06 18:30:44 +0000"
    },
    "done": true
  },
  "minecraft:recipes/tools/wooden_axe": {
    "criteria": {
      "has_stick": "2024-08-06 18:48:57 +0000"
    },
    "done": true
  },
  "minecraft:recipes/building_blocks/lime_wool": {
    "criteria": {
      "has_white_wool": "2024-08-06 18:38:09 +0000"
    },
    "done": true
  },
  "spartanweaponry:recipes/spartanweaponry.basic/handle_from_wool": {
    "criteria": {
      "has_stick": "2024-08-06 18:48:57 +0000"
    },
    "done": true
  },
  "spartanweaponry:recipes/spartanweaponry.basic/leather_longbow": {
    "criteria": {
      "has_leather": "2024-08-06 18:38:47 +0000"
    },
    "done": true
  },
  "minecraft:recipes/building_blocks/black_wool": {
    "criteria": {
      "has_white_wool": "2024-08-06 18:38:09 +0000"
    },
    "done": true
  },
  "travelersbackpack:recipes/travelersbackpack/horse": {
    "criteria": {
      "has_leather": "2024-08-06 18:38:47 +0000"
    },
    "done": true
  },
  "minecraft:recipes/building_blocks/stone_bricks_from_stone_stonecutting": {
    "criteria": {
      "has_stone": "2024-08-06 18:56:59 +0000"
    },
    "done": true
  },
  "spartanweaponry:recipes/spartanweaponry.basic/stone_rapier": {
    "criteria": {
      "has_cobblestone": "2024-08-06 18:50:14 +0000"
    },
    "done": true
  },
  "biomesoplenty:recipes/transportation/umbran_boat": {
    "criteria": {
      "in_water": "2024-08-06 18:30:44 +0000"
    },
    "done": true
  },
  "travelersbackpack:recipes/travelersbackpack/hay": {
    "criteria": {
      "has_wheat": "2024-08-06 19:07:10 +0000"
    },
    "done": true
  },
  "minecraft:recipes/decorations/loom": {
    "criteria": {
      "has_string": "2024-08-06 18:45:49 +0000"
    },
    "done": true
  },
  "biomesoplenty:recipes/transportation/palm_boat": {
    "criteria": {
      "in_water": "2024-08-06 18:30:44 +0000"
    },
    "done": true
  },
  "minecraft:recipes/building_blocks/green_wool": {
    "criteria": {
      "has_white_wool": "2024-08-06 18:38:09 +0000"
    },
    "done": true
  },
  "spartanshields:recipes/spartanshields/wooden_tower_shield": {
    "criteria": {
      "has_planks": "2024-08-06 18:32:57 +0000"
    },
    "done": true
  },
  "minecraft:recipes/building_blocks/brown_wool": {
    "criteria": {
      "has_white_wool": "2024-08-06 18:38:09 +0000"
    },
    "done": true
  },
  "spartanweaponry:recipes/spartanweaponry.basic/iron_longbow": {
    "criteria": {
      "has_iron_ingot": "2024-08-06 18:55:07 +0000"
    },
    "done": true
  },
  "farmersdelight:recipes/farmersdelight/cooking/pasta_with_meatballs": {
    "criteria": {
      "has_any_ingredient": "2024-08-06 18:38:47 +0000"
    },
    "done": true
  },
  "spartanweaponry:recipes/spartanweaponry.basic/iron_pike": {
    "criteria": {
      "has_iron_ingot": "2024-08-06 18:55:07 +0000"
    },
    "done": true
  },
  "spartanweaponry:recipes/spartanweaponry.basic/stone_katana": {
    "criteria": {
      "has_cobblestone": "2024-08-06 18:50:14 +0000"
    },
    "done": true
  },
  "spartanweaponry:recipes/spartanweaponry.basic/wooden_battleaxe": {
    "criteria": {
      "has_wood": "2024-08-06 18:32:57 +0000"
    },
    "done": true
  },
  "spartanweaponry:recipes/spartanweaponry.basic/wooden_pike": {
    "criteria": {
      "has_wood": "2024-08-06 18:32:57 +0000"
    },
    "done": true
  },
  "biomesoplenty:recipes/transportation/redwood_boat": {
    "criteria": {
      "in_water": "2024-08-06 18:30:44 +0000"
    },
    "done": true
  },
  "minecraft:recipes/decorations/moss_carpet": {
    "criteria": {
      "has_moss_block": "2024-08-06 18:55:43 +0000"
    },
    "done": true
  },
  "farmersdelight:recipes/farmersdelight/cooking/pasta_with_mutton_chop": {
    "criteria": {
      "has_any_ingredient": "2024-08-06 18:38:02 +0000"
    },
    "done": true
  },
  "spartanweaponry:recipes/spartanweaponry.basic/stone_lance": {
    "criteria": {
      "has_cobblestone": "2024-08-06 18:50:14 +0000"
    },
    "done": true
  },
  "minecraft:recipes/building_blocks/iron_block": {
    "criteria": {
      "has_iron_ingot": "2024-08-06 18:55:07 +0000"
    },
    "done": true
  },
  "minecraft:recipes/decorations/painting": {
    "criteria": {
      "has_wool": "2024-08-06 18:38:02 +0000"
    },
    "done": true
  },
  "incendium:technical/inventory/sentrys_wrath": {
    "criteria": {
      "log_spam_fixer": "2024-08-06 19:09:53 +0000"
    },
    "done": false
  },
  "spartanweaponry:recipes/spartanweaponry.basic/stone_battle_hammer": {
    "criteria": {
      "has_cobblestone": "2024-08-06 18:50:14 +0000"
    },
    "done": true
  },
  "spartanweaponry:recipes/spartanweaponry.basic/stone_spear": {
    "criteria": {
      "has_cobblestone": "2024-08-06 18:50:14 +0000"
    },
    "done": true
  },
  "spartanweaponry:recipes/spartanweaponry.basic/iron_tomahawk": {
    "criteria": {
      "has_iron_ingot": "2024-08-06 18:55:07 +0000"
    },
    "done": true
  },
  "minecraft:recipes/building_blocks/mossy_cobblestone_from_moss_block": {
    "criteria": {
      "has_moss_block": "2024-08-06 18:55:43 +0000"
    },
    "done": true
  },
  "minecraft:recipes/building_blocks/stone_slab": {
    "criteria": {
      "has_stone": "2024-08-06 18:56:59 +0000"
    },
    "done": true
  },
  "minecraft:recipes/building_blocks/coal_block": {
    "criteria": {
      "has_coal": "2024-08-06 18:55:35 +0000"
    },
    "done": true
  },
  "spartanweaponry:recipes/spartanweaponry.basic/iron_javelin": {
    "criteria": {
      "has_iron_ingot": "2024-08-06 18:55:07 +0000"
    },
    "done": true
  },
  "spartanweaponry:recipes/spartanweaponry.basic/wooden_club": {
    "criteria": {
      "has_wood_log": "2024-08-06 18:32:28 +0000"
    },
    "done": true
  },
  "minecraft:recipes/building_blocks/light_blue_wool": {
    "criteria": {
      "has_white_wool": "2024-08-06 18:38:09 +0000"
    },
    "done": true
  },
  "biomesoplenty:recipes/decorations/redwood_sign": {
    "criteria": {
      "has_redwood_planks": "2024-08-06 18:47:01 +0000"
    },
    "done": true
  },
  "spartanweaponry:recipes/spartanweaponry.basic/iron_rapier": {
    "criteria": {
      "has_iron_ingot": "2024-08-06 18:55:07 +0000"
    },
    "done": true
  },
  "minecraft:recipes/combat/wooden_sword": {
    "criteria": {
      "has_stick": "2024-08-06 18:48:57 +0000"
    },
    "done": true
  },
  "minecraft:recipes/tools/stone_shovel": {
    "criteria": {
      "has_cobblestone": "2024-08-06 18:50:14 +0000"
    },
    "done": true
  },
  "minecraft:recipes/decorations/gray_banner": {
    "criteria": {
      "has_gray_wool": "2024-08-06 18:38:02 +0000"
    },
    "done": true
  },
  "minecraft:recipes/building_blocks/oak_planks": {
    "criteria": {
      "has_logs": "2024-08-06 18:32:28 +0000"
    },
    "done": true
  },
  "biomesoplenty:recipes/redstone/redwood_trapdoor": {
    "criteria": {
      "has_planks": "2024-08-06 18:47:01 +0000"
    },
    "done": true
  },
  "cataclysm:root": {
    "criteria": {
      "custom_test_name": "2024-08-06 18:29:58 +0000"
    },
    "done": true
  },
  "irons_spellbooks:grant_patchouli": {
    "criteria": {
      "tick": "2024-08-06 18:29:58 +0000"
    },
    "done": true
  },
  "biomesoplenty:recipes/redstone/redwood_fence_gate": {
    "criteria": {
      "has_planks": "2024-08-06 18:47:01 +0000"
    },
    "done": true
  },
  "irons_spellbooks:irons_spellbooks/ink_root": {
    "criteria": {
      "requirement": "2024-08-06 19:08:19 +0000"
    },
    "done": true
  },
  "minecraft:recipes/tools/iron_axe": {
    "criteria": {
      "has_iron_ingot": "2024-08-06 18:55:07 +0000"
    },
    "done": true
  },
  "spartanweaponry:recipes/spartanweaponry.basic/small_arrow_quiver": {
    "criteria": {
      "has_arrow": "2024-08-06 18:48:42 +0000"
    },
    "done": true
  },
  "minecraft:recipes/decorations/gray_carpet": {
    "criteria": {
      "has_gray_wool": "2024-08-06 18:38:02 +0000"
    },
    "done": true
  },
  "minecraft:recipes/redstone/tripwire_hook": {
    "criteria": {
      "has_string": "2024-08-06 18:45:49 +0000"
    },
    "done": true
  },
  "minecraft:recipes/redstone/oak_pressure_plate": {
    "criteria": {
      "has_planks": "2024-08-06 18:32:57 +0000"
    },
    "done": true
  },
  "minecraft:recipes/combat/iron_boots": {
    "criteria": {
      "has_iron_ingot": "2024-08-06 18:55:07 +0000"
    },
    "done": true
  },
  "biomesoplenty:biomesoplenty/root": {
    "criteria": {
      "lavender_field": "2024-08-06 18:31:16 +0000"
    },
    "done": true
  },
  "biomesoplenty:recipes/building_blocks/redwood_planks": {
    "criteria": {
      "has_logs": "2024-08-06 18:46:58 +0000"
    },
    "done": true
  },
  "spartanweaponry:recipes/spartanweaponry.basic/iron_boomerang": {
    "criteria": {
      "has_iron_ingot": "2024-08-06 18:55:07 +0000"
    },
    "done": true
  },
  "minecraft:recipes/building_blocks/mossy_stone_bricks_from_moss_block": {
    "criteria": {
      "has_moss_block": "2024-08-06 18:55:43 +0000"
    },
    "done": true
  },
  "spartanweaponry:recipes/spartanweaponry.basic/stone_battleaxe": {
    "criteria": {
      "has_cobblestone": "2024-08-06 18:50:14 +0000"
    },
    "done": true
  },
  "farmersdelight:recipes/farmersdelight/iron_knife": {
    "criteria": {
      "has_iron_ingot": "2024-08-06 18:55:07 +0000"
    },
    "done": true
  },
  "minecraft:recipes/building_blocks/oak_wood": {
    "criteria": {
      "has_log": "2024-08-06 18:32:28 +0000"
    },
    "done": true
  },
  "travelersbackpack:recipes/travelersbackpack/coal": {
    "criteria": {
      "has_coal": "2024-08-06 18:53:01 +0000"
    },
    "done": true
  },
  "minecraft:recipes/redstone/stone_button": {
    "criteria": {
      "has_stone": "2024-08-06 18:56:59 +0000"
    },
    "done": true
  },
  "minecraft:recipes/combat/iron_chestplate": {
    "criteria": {
      "has_iron_ingot": "2024-08-06 18:55:07 +0000"
    },
    "done": true
  },
  "spartanweaponry:recipes/spartanweaponry.basic/iron_warhammer": {
    "criteria": {
      "has_iron_ingot": "2024-08-06 18:55:07 +0000"
    },
    "done": true
  },
  "minecraft:recipes/combat/crossbow": {
    "criteria": {
      "has_string": "2024-08-06 18:45:49 +0000"
    },
    "done": true
  },
  "biomesoplenty:recipes/building_blocks/redwood_wood": {
    "criteria": {
      "has_log": "2024-08-06 18:46:58 +0000"
    },
    "done": true
  },
  "spartanweaponry:recipes/spartanweaponry.basic/pole_from_wool": {
    "criteria": {
      "has_stick": "2024-08-06 18:48:57 +0000"
    },
    "done": true
  },
  "spartanweaponry:recipes/spartanweaponry.basic/stone_parrying_dagger": {
    "criteria": {
      "has_cobblestone": "2024-08-06 18:50:14 +0000"
    },
    "done": true
  },
  "minecraft:recipes/building_blocks/yellow_wool": {
    "criteria": {
      "has_white_wool": "2024-08-06 18:38:09 +0000"
    },
    "done": true
  },
  "minecraft:recipes/decorations/oak_sign": {
    "criteria": {
      "has_planks": "2024-08-06 18:32:57 +0000"
    },
    "done": true
  },
  "minecraft:recipes/food/cooked_porkchop_from_smoking": {
    "criteria": {
      "has_porkchop": "2024-08-06 18:54:15 +0000"
    },
    "done": true
  },
  "minecraft:recipes/redstone/oak_trapdoor": {
    "criteria": {
      "has_planks": "2024-08-06 18:32:57 +0000"
    },
    "done": true
  },
  "farmersdelight:recipes/farmersdelight/cooking/noodle_soup": {
    "criteria": {
      "has_any_ingredient": "2024-08-06 18:54:15 +0000"
    },
    "done": true
  },
  "travelersbackpack:recipes/travelersbackpack/hose_nozzle": {
    "criteria": {
      "has_iron": "2024-08-06 18:55:07 +0000"
    },
    "done": true
  },
  "travelersbackpack:recipes/travelersbackpack/backpack_tank": {
    "criteria": {
      "has_iron": "2024-08-06 18:55:07 +0000"
    },
    "done": true
  },
  "travelersbackpack:recipes/travelersbackpack/standard": {
    "criteria": {
      "has_chest": "2024-08-06 18:48:56 +0000"
    },
    "done": true
  },
  "betterdungeons:root": {
    "criteria": {
      "always": "2024-08-06 18:29:58 +0000"
    },
    "done": true
  },
  "spartanweaponry:recipes/spartanweaponry.basic/iron_halberd": {
    "criteria": {
      "has_iron_ingot": "2024-08-06 18:55:07 +0000"
    },
    "done": true
  },
  "spartanweaponry:recipes/spartanweaponry.basic/iron_saber": {
    "criteria": {
      "has_iron_ingot": "2024-08-06 18:55:07 +0000"
    },
    "done": true
  },
  "spartanweaponry:recipes/spartanweaponry.basic/iron_battle_hammer": {
    "criteria": {
      "has_iron_ingot": "2024-08-06 18:55:07 +0000"
    },
    "done": true
  },
  "minecraft:recipes/combat/leather_chestplate": {
    "criteria": {
      "has_leather": "2024-08-06 18:38:47 +0000"
    },
    "done": true
  },
  "spartanweaponry:recipes/spartanweaponry.basic/stone_throwing_knife": {
    "criteria": {
      "has_cobblestone": "2024-08-06 18:50:14 +0000"
    },
    "done": true
  },
  "lootr:root": {
    "criteria": {
      "always_true": "2024-08-06 18:29:58 +0000"
    },
    "done": true
  },
  "minecraft:adventure/kill_a_mob": {
    "criteria": {
      "minecraft:spider": "2024-08-06 18:45:47 +0000"
    },
    "done": true
  },
  "biomesoplenty:recipes/misc/purple_dye_from_lavender": {
    "criteria": {
      "has_flower": "2024-08-06 18:32:33 +0000"
    },
    "done": true
  },
  "minecraft:recipes/redstone/oak_button": {
    "criteria": {
      "has_planks": "2024-08-06 18:32:57 +0000"
    },
    "done": true
  },
  "incendium:technical/multiplex_crossbow": {
    "criteria": {
      "log_spam_fixer": "2024-08-06 19:09:53 +0000"
    },
    "done": false
  },
  "biomesoplenty:recipes/building_blocks/redwood_stairs": {
    "criteria": {
      "has_planks": "2024-08-06 18:47:01 +0000"
    },
    "done": true
  },
  "farmersdelight:recipes/farmersdelight/flint_knife": {
    "criteria": {
      "has_stick": "2024-08-06 18:48:57 +0000"
    },
    "done": true
  },
  "minecraft:recipes/building_blocks/stone": {
    "criteria": {
      "has_cobblestone": "2024-08-06 18:50:14 +0000"
    },
    "done": true
  },
  "incendium:technical/firestorm": {
    "criteria": {
      "log_spam_fixer": "2024-08-06 19:09:53 +0000"
    },
    "done": false
  },
  "biomesoplenty:recipes/transportation/hellbark_boat": {
    "criteria": {
      "in_water": "2024-08-06 18:30:44 +0000"
    },
    "done": true
  },
  "minecraft:recipes/decorations/stonecutter": {
    "criteria": {
      "has_stone": "2024-08-06 18:56:59 +0000"
    },
    "done": true
  },
  "minecraft:recipes/food/cooked_beef": {
    "criteria": {
      "has_beef": "2024-08-06 18:38:47 +0000"
    },
    "done": true
  },
  "minecraft:adventure/adventuring_time": {
    "criteria": {
      "minecraft:beach": "2024-08-06 18:59:15 +0000",
      "minecraft:river": "2024-08-06 18:30:42 +0000",
      "minecraft:ocean": "2024-08-06 19:00:53 +0000",
      "minecraft:plains": "2024-08-06 18:29:59 +0000"
    },
    "done": false
  },
  "minecraft:recipes/redstone/iron_door": {
    "criteria": {
      "has_iron_ingot": "2024-08-06 18:55:07 +0000"
    },
    "done": true
  },
  "spartanweaponry:recipes/spartanweaponry.basic/wooden_scythe": {
    "criteria": {
      "has_wood": "2024-08-06 18:32:57 +0000"
    },
    "done": true
  },
  "spartanweaponry:recipes/spartanweaponry.basic/wooden_javelin": {
    "criteria": {
      "has_wood": "2024-08-06 18:32:57 +0000"
    },
    "done": true
  },
  "incendium:technical/using/ragnarok": {
    "criteria": {
      "log_spam_fixer": "2024-08-06 18:29:59 +0000"
    },
    "done": false
  },
  "spartanshields:recipes/spartanshields/wooden_basic_shield": {
    "criteria": {
      "has_planks": "2024-08-06 18:32:57 +0000"
    },
    "done": true
  },
  "minecraft:recipes/combat/stone_sword": {
    "criteria": {
      "has_cobblestone": "2024-08-06 18:50:14 +0000"
    },
    "done": true
  },
  "minecraft:recipes/decorations/barrel": {
    "criteria": {
      "has_planks": "2024-08-06 18:32:57 +0000"
    },
    "done": true
  },
  "minecraft:recipes/decorations/cobblestone_wall": {
    "criteria": {
      "has_cobblestone": "2024-08-06 18:50:14 +0000"
    },
    "done": true
  },
  "incendium:technical/new_player": {
    "criteria": {
      "requirement": "2024-08-06 18:29:58 +0000"
    },
    "done": true
  },
  "minecraft:recipes/brewing/fermented_spider_eye": {
    "criteria": {
      "has_spider_eye": "2024-08-06 18:45:49 +0000"
    },
    "done": true
  },
  "spartanweaponry:recipes/spartanweaponry.basic/stone_halberd": {
    "criteria": {
      "has_cobblestone": "2024-08-06 18:50:14 +0000"
    },
    "done": true
  },
  "travelersbackpack:recipes/travelersbackpack/iron": {
    "criteria": {
      "has_iron_ingot": "2024-08-06 18:55:07 +0000"
    },
    "done": true
  },
  "minecraft:recipes/tools/stone_pickaxe": {
    "criteria": {
      "has_cobblestone": "2024-08-06 18:50:14 +0000"
    },
    "done": true
  },
  "minecraft:recipes/decorations/smithing_table": {
    "criteria": {
      "has_iron_ingot": "2024-08-06 18:55:07 +0000"
    },
    "done": true
  },
  "minecraft:recipes/redstone/oak_door": {
    "criteria": {
      "has_planks": "2024-08-06 18:32:57 +0000"
    },
    "done": true
  },
  "spartanweaponry:recipes/spartanweaponry.basic/wooden_parrying_dagger": {
    "criteria": {
      "has_wood": "2024-08-06 18:32:57 +0000"
    },
    "done": true
  },
  "incendium:technical/holy_wrath": {
    "criteria": {
      "log_spam_fixer": "2024-08-06 19:09:53 +0000"
    },
    "done": false
  },
  "minecraft:recipes/redstone/stone_pressure_plate": {
    "criteria": {
      "has_stone": "2024-08-06 18:56:59 +0000"
    },
    "done": true
  },
  "minecraft:recipes/combat/leather_boots": {
    "criteria": {
      "has_leather": "2024-08-06 18:38:47 +0000"
    },
    "done": true
  },
  "minecraft:recipes/transportation/jungle_boat": {
    "criteria": {
      "in_water": "2024-08-06 18:30:44 +0000"
    },
    "done": true
  },
  "spartanweaponry:recipes/spartanweaponry.basic/wooden_saber": {
    "criteria": {
      "has_wood": "2024-08-06 18:32:57 +0000"
    },
    "done": true
  },
  "minecraft:recipes/decorations/cobblestone_wall_from_cobblestone_stonecutting": {
    "criteria": {
      "has_cobblestone": "2024-08-06 18:50:14 +0000"
    },
    "done": true
  },
  "incendium:technical/give_ghastling": {
    "criteria": {
      "log_spam_fixer": "2024-08-06 19:09:53 +0000"
    },
    "done": false
  },
  "spartanweaponry:recipes/spartanweaponry.basic/wooden_dagger": {
    "criteria": {
      "has_wood": "2024-08-06 18:32:57 +0000"
    },
    "done": true
  },
  "minecraft:recipes/decorations/stone_brick_walls_from_stone_stonecutting": {
    "criteria": {
      "has_stone": "2024-08-06 18:56:59 +0000"
    },
    "done": true
  },
  "incendium:technical/on_kill": {
    "criteria": {
      "log_spam_fixer": "2024-08-06 19:09:53 +0000"
    },
    "done": false
  },
  "minecraft:recipes/redstone/heavy_weighted_pressure_plate": {
    "criteria": {
      "has_iron_ingot": "2024-08-06 18:55:07 +0000"
    },
    "done": true
  },
  "minecraft:recipes/transportation/dark_oak_boat": {
    "criteria": {
      "in_water": "2024-08-06 18:30:44 +0000"
    },
    "done": true
  },
  "spartanweaponry:recipes/spartanweaponry.basic/wooden_longsword": {
    "criteria": {
      "has_wood": "2024-08-06 18:32:57 +0000"
    },
    "done": true
  },
  "minecraft:recipes/building_blocks/pink_wool": {
    "criteria": {
      "has_white_wool": "2024-08-06 18:38:09 +0000"
    },
    "done": true
  },
  "incendium:technical/on_player_hurt": {
    "criteria": {
      "log_spam_fixer": "2024-08-06 19:09:53 +0000"
    },
    "done": false
  },
  "farmersdelight:recipes/farmersdelight/cooking/pumpkin_soup": {
    "criteria": {
      "has_any_ingredient": "2024-08-06 18:54:15 +0000"
    },
    "done": true
  },
  "spartanweaponry:recipes/spartanweaponry.basic/wooden_tomahawk": {
    "criteria": {
      "has_wood": "2024-08-06 18:32:57 +0000"
    },
    "done": true
  },
  "spartanweaponry:recipes/spartanweaponry.basic/grease_ball": {
    "criteria": {
      "has_meat": "2024-08-06 18:38:02 +0000"
    },
    "done": true
  },
  "spartanweaponry:recipes/spartanweaponry.basic/wooden_heavy_crossbow": {
    "criteria": {
      "has_wood": "2024-08-06 18:32:57 +0000"
    },
    "done": true
  },
  "travelersbackpack:recipes/travelersbackpack/blank_upgrade": {
    "criteria": {
      "has_chest": "2024-08-06 18:48:56 +0000"
    },
    "done": true
  },
  "minecraft:recipes/decorations/lantern": {
    "criteria": {
      "has_iron_ingot": "2024-08-06 18:55:07 +0000"
    },
    "done": true
  },
  "minecraft:recipes/building_blocks/stone_stairs": {
    "criteria": {
      "has_stone": "2024-08-06 18:56:59 +0000"
    },
    "done": true
  },
  "biomesoplenty:recipes/transportation/jacaranda_boat": {
    "criteria": {
      "in_water": "2024-08-06 18:30:44 +0000"
    },
    "done": true
  },
  "spartanweaponry:recipes/spartanweaponry.basic/pole_from_string": {
    "criteria": {
      "has_stick": "2024-08-06 18:48:57 +0000"
    },
    "done": true
  },
  "spartanweaponry:recipes/spartanweaponry.basic/stone_pike": {
    "criteria": {
      "has_cobblestone": "2024-08-06 18:50:14 +0000"
    },
    "done": true
  },
  "spartanweaponry:recipes/spartanweaponry.basic/wooden_lance": {
    "criteria": {
      "has_wood": "2024-08-06 18:32:57 +0000"
    },
    "done": true
  },
  "minecraft:recipes/food/cooked_beef_from_campfire_cooking": {
    "criteria": {
      "has_beef": "2024-08-06 18:38:47 +0000"
    },
    "done": true
  },
  "spartanweaponry:recipes/spartanweaponry.basic/wooden_battle_hammer": {
    "criteria": {
      "has_wood": "2024-08-06 18:32:57 +0000"
    },
    "done": true
  },
  "spartanweaponry:recipes/spartanweaponry.basic/wooden_greatsword": {
    "criteria": {
      "has_wood": "2024-08-06 18:32:57 +0000"
    },
    "done": true
  },
  "minecraft:recipes/building_blocks/light_gray_wool": {
    "criteria": {
      "has_white_wool": "2024-08-06 18:38:09 +0000"
    },
    "done": true
  },
  "minecraft:recipes/building_blocks/red_wool": {
    "criteria": {
      "has_white_wool": "2024-08-06 18:38:09 +0000"
    },
    "done": true
  },
  "minecraft:recipes/decorations/soul_campfire": {
    "criteria": {
      "has_stick": "2024-08-06 18:48:57 +0000"
    },
    "done": true
  },
  "minecraft:story/smelt_iron": {
    "criteria": {
      "iron": "2024-08-06 18:55:07 +0000"
    },
    "done": true
  },
  "minecraft:recipes/tools/stone_axe": {
    "criteria": {
      "has_cobblestone": "2024-08-06 18:50:14 +0000"
    },
    "done": true
  },
  "minecraft:recipes/food/cooked_mutton": {
    "criteria": {
      "has_mutton": "2024-08-06 18:38:02 +0000"
    },
    "done": true
  },
  "spartanweaponry:recipes/spartanweaponry.basic/stone_javelin": {
    "criteria": {
      "has_cobblestone": "2024-08-06 18:50:14 +0000"
    },
    "done": true
  },
  "biomesoplenty:recipes/redstone/redwood_door": {
    "criteria": {
      "has_planks": "2024-08-06 18:47:01 +0000"
    },
    "done": true
  },
  "spartanweaponry:recipes/spartanweaponry.basic/wooden_halberd": {
    "criteria": {
      "has_wood": "2024-08-06 18:32:57 +0000"
    },
    "done": true
  },
  "spartanweaponry:recipes/spartanweaponry.basic/stone_tomahawk": {
    "criteria": {
      "has_cobblestone": "2024-08-06 18:50:14 +0000"
    },
    "done": true
  },
  "DataVersion": 3120
}